{"cameraMode":{"drawMode":0,"name":"Shaded","section":"Shading Mode"},"sceneLighting":true,"audioPlay":false,"sceneViewState":{"showFog":true,"showMaterialUpdate":false,"showSkybox":true,"showFlares":true,"showImageEffects":true,"showParticleSystems":true},"in2DMode":false,"pivot":{"x":-0.09743762016296387,"y":4.453774929046631,"z":0.000008016824722290039},"rotation":{"x":-0.1643768846988678,"y":0.46589842438697817,"z":-0.08854362368583679,"w":-0.8649163246154785},"size":25.381023406982423,"orthographic":false}