{"cameraMode":{"drawMode":0,"name":"Shaded","section":"Shading Mode"},"sceneLighting":false,"audioPlay":false,"sceneViewState":{"showFog":true,"showMaterialUpdate":false,"showSkybox":false,"showFlares":true,"showImageEffects":true,"showParticleSystems":true},"in2DMode":false,"pivot":{"x":0.0,"y":3.453080892562866,"z":-33.42781066894531},"rotation":{"x":-0.09125930815935135,"y":0.8921540975570679,"z":-0.20871281623840333,"w":-0.39009276032447817},"size":16.516067504882814,"orthographic":false}